<?xml version="1.0" encoding="UTF-8"?>
<project-private xmlns="http://www.netbeans.org/ns/project-private/1">
    <editor-bookmarks xmlns="http://www.netbeans.org/ns/editor-bookmarks/1"/>
    <editor-bookmarks xmlns="http://www.netbeans.org/ns/editor-bookmarks/2" lastBookmarkId="0"/>
    <open-files xmlns="http://www.netbeans.org/ns/projectui-open-files/2">
        <group>
            <file>file:/Y:/VolVis/VolVis/src/volvis/CompRenderer.java</file>
            <file>file:/Y:/VolVis/VolVis/src/volvis/TransferFunction.java</file>
            <file>file:/Y:/VolVis/VolVis/src/gui/TransferFunctionView.java</file>
            <file>file:/Y:/VolVis/VolVis/src/gui/TransferFunctionEditor.java</file>
            <file>file:/Y:/VolVis/VolVis/src/volvis/OpacityRenderer.java</file>
        </group>
    </open-files>
</project-private>
